id,first_name,last_name,email,gender,company_name
wbeasley0,Willard,Beasley,wbeasley0@china.com.cn,Male,Realcube
dlanning1,Darn,Lanning,dlanning1@yale.edu,Male,Photolist
claytham2,Cully,Laytham,claytham2@yandex.ru,Male,Browseblab
ddorward3,Deana,Dorward,ddorward3@youtube.com,Female,Gigabox
ogrimley4,Obadiah,Grimley,ogrimley4@domainmarket.com,Male,Dynabox
llies5,Lars,Lies,llies5@alibaba.com,Male,Yacero
jcapener6,Josephina,Capener,jcapener6@lycos.com,Female,Yoveo
eblaiklock7,Eleanor,Blaiklock,eblaiklock7@webs.com,Female,Twitternation
hbevans8,Hal,Bevans,hbevans8@dagondesign.com,Male,Kwinu
kconsadine9,Katinka,Consadine,kconsadine9@reference.com,Female,Quinu
sposselwhitea,Siouxie,Posselwhite,sposselwhitea@indiatimes.com,Female,Tagcat
lilymanovb,Ly,Ilymanov,lilymanovb@bloglovin.com,Male,Mita
labelsc,Lawry,Abels,labelsc@tiny.cc,Male,Cogilith
bottewelld,Brandais,Ottewell,bottewelld@examiner.com,Female,Meejo
gantonuttie,Gauthier,Antonutti,gantonuttie@deviantart.com,Male,Jabbersphere
ebotcherbyf,Erskine,Botcherby,ebotcherbyf@chicagotribune.com,Male,Browsetype
hwhiscardg,Holt,Whiscard,hwhiscardg@vkontakte.ru,Male,Feedbug
kduellh,Kassi,Duell,kduellh@vimeo.com,Female,Flipbug
efarendeni,Elvin,Farenden,efarendeni@printfriendly.com,Male,Vimbo
padrianj,Prudence,Adrian,padrianj@abc.net.au,Female,Jetwire
ddutsonk,Darrell,Dutson,ddutsonk@oakley.com,Male,Vimbo
malvyl,Melisse,Alvy,malvyl@google.it,Female,Mudo
qzanettinim,Quent,Zanettini,qzanettinim@hexun.com,Male,Yodoo
cbengoughn,Colan,Bengough,cbengoughn@scientificamerican.com,Male,Babbleblab
rbeaverso,Renate,Beavers,rbeaverso@webnode.com,Female,Vinder
lrivesp,Lauri,Rives,lrivesp@mozilla.org,Female,Katz
abenediktovichq,Aurie,Benediktovich,abenediktovichq@altervista.org,Female,Mynte
jcolterr,Jeffry,Colter,jcolterr@e-recht24.de,Male,Babbleblab
mtilmouths,Melamie,Tilmouth,mtilmouths@umn.edu,Female,Realcube
sgeavenyt,Spence,Geaveny,sgeavenyt@miitbeian.gov.cn,Male,Quinu
abaisonu,Agosto,Baison,abaisonu@weebly.com,Male,Youspan
ncaddenv,Nell,Cadden,ncaddenv@goo.ne.jp,Female,Twimm
gwoofw,Garv,Woof,gwoofw@topsy.com,Male,Twitterbridge
sdemanchex,Stu,Demanche,sdemanchex@vistaprint.com,Male,Tagcat
awhapplesy,Abigale,Whapples,awhapplesy@google.ca,Female,Realcube
nharbackz,Nico,Harback,nharbackz@ft.com,Male,Blognation
ugoschalk10,Ursulina,Goschalk,ugoschalk10@patch.com,Female,Mydo
abanting11,Abey,Banting,abanting11@example.com,Male,Skyba
lmannakee12,Loree,Mannakee,lmannakee12@zdnet.com,Female,Rhyzio
wmarshal13,Windham,Marshal,wmarshal13@free.fr,Male,Twitterworks
mflaune14,Malina,Flaune,mflaune14@yandex.ru,Female,Yombu
dhawton15,Dee dee,Hawton,dhawton15@cnet.com,Female,Quinu
fmacconnell16,Felita,MacConnell,fmacconnell16@chron.com,Female,Kayveo
eburnyeat17,Erinna,Burnyeat,eburnyeat17@photobucket.com,Female,Flipopia
pgreaves18,Penelope,Greaves,pgreaves18@fema.gov,Female,Yacero
jdunklee19,Jedd,Dunklee,jdunklee19@hc360.com,Male,Yata
rfaulkner1a,Ruddy,Faulkner,rfaulkner1a@furl.net,Male,Blogtags
frosson1b,Fifi,Rosson,frosson1b@naver.com,Female,Fatz
bbrandoni1c,Boyce,Brandoni,bbrandoni1c@dedecms.com,Male,Trilia
aeate1d,Abraham,Eate,aeate1d@yelp.com,Male,Talane
wfussey1e,Wade,Fussey,wfussey1e@odnoklassniki.ru,Male,Divavu
ldecopeman1f,Lenette,de Copeman,ldecopeman1f@studiopress.com,Female,Jetwire
eruddom1g,Euphemia,Ruddom,eruddom1g@miibeian.gov.cn,Female,Skinix
bwheelan1h,Buiron,Wheelan,bwheelan1h@prnewswire.com,Male,Abata
vtreend1i,Vasily,Treend,vtreend1i@rediff.com,Male,Oyondu
jbowen1j,Jenifer,Bowen,jbowen1j@oakley.com,Female,Digitube
hdenness1k,Ham,Denness,hdenness1k@cnbc.com,Male,Tazzy
smalec1l,Stanislaus,Malec,smalec1l@time.com,Male,Oyondu
cczaja1m,Chas,Czaja,cczaja1m@zimbio.com,Male,DabZ
kbeall1n,Karim,Beall,kbeall1n@ameblo.jp,Male,Realcube
ktopaz1o,Kristos,Topaz,ktopaz1o@elpais.com,Male,Skinder
bdumini1p,Bunnie,Dumini,bdumini1p@phoca.cz,Female,Gabcube
hhunter1q,Hoebart,Hunter,hhunter1q@typepad.com,Male,Buzzshare
ncolgan1r,Neely,Colgan,ncolgan1r@purevolume.com,Female,Centidel
sastman1s,Sean,Astman,sastman1s@sciencedaily.com,Female,Jamia
kkernocke1t,Kyla,Kernocke,kkernocke1t@multiply.com,Female,Twitterbeat
tbellham1u,Tobit,Bellham,tbellham1u@alibaba.com,Male,Cogilith
vsword1v,Veronica,Sword,vsword1v@i2i.jp,Female,Tagchat
fmathelon1w,Foss,Mathelon,fmathelon1w@dmoz.org,Male,Twitterlist
gcradduck1x,Gabbie,Cradduck,gcradduck1x@phoca.cz,Female,Cogilith
gfeldhorn1y,Gina,Feldhorn,gfeldhorn1y@ucla.edu,Female,Omba
abirkmyr1z,Andrey,Birkmyr,abirkmyr1z@nifty.com,Male,Avavee
ntapner20,Nanci,Tapner,ntapner20@walmart.com,Female,Trilith
gadney21,Genna,Adney,gadney21@hubpages.com,Female,Podcat
rsnoddy22,Rosabel,Snoddy,rsnoddy22@altervista.org,Female,Dablist
seckersall23,Saleem,Eckersall,seckersall23@booking.com,Male,Babblestorm
gridd24,Garret,Ridd,gridd24@whitehouse.gov,Male,Yacero
bgosalvez25,Barby,Gosalvez,bgosalvez25@cpanel.net,Female,Gabcube
hwannes26,Hillel,Wannes,hwannes26@bing.com,Male,Zoombeat
scurcher27,Siusan,Curcher,scurcher27@squidoo.com,Female,Bluezoom
bjustice28,Bernadette,Justice,bjustice28@feedburner.com,Female,Roomm
lilieve29,Lorne,Ilieve,lilieve29@de.vu,Female,Rhybox
pbanghe2a,Paulo,Banghe,pbanghe2a@dedecms.com,Male,Trupe
wmccarroll2b,Westbrook,Mc Carroll,wmccarroll2b@google.com,Male,Dabfeed
dmauditt2c,Deina,Mauditt,dmauditt2c@free.fr,Female,Topicblab
rtrenchard2d,Romola,Trenchard,rtrenchard2d@zdnet.com,Female,Mydo
wmcginly2e,Walker,McGinly,wmcginly2e@flickr.com,Male,Rooxo
fforsdyke2f,Friedrich,Forsdyke,fforsdyke2f@fema.gov,Male,Riffpath
lvarnam2g,Lindsay,Varnam,lvarnam2g@goo.gl,Male,Topdrive
cgurton2h,Cherida,Gurton,cgurton2h@thetimes.co.uk,Female,Devshare
mlawlie2i,Margery,Lawlie,mlawlie2i@youtu.be,Female,Yozio
sziebart2j,Sherwood,Ziebart,sziebart2j@ihg.com,Male,Twimbo
mpaschek2k,Morty,Paschek,mpaschek2k@marketwatch.com,Male,Voonte
laizikovitz2l,Liane,Aizikovitz,laizikovitz2l@is.gd,Female,Yotz
jattiwill2m,Jessalin,Attiwill,jattiwill2m@tinypic.com,Female,Jayo
wdulson2n,Wayland,Dulson,wdulson2n@latimes.com,Male,Digitube
gseid2o,Giuseppe,Seid,gseid2o@forbes.com,Male,Tagtune
eavis2p,Englebert,Avis,eavis2p@liveinternet.ru,Male,Trilia
rghidelli2q,Robinetta,Ghidelli,rghidelli2q@forbes.com,Female,Jamia
dwanklyn2r,Dacia,Wanklyn,dwanklyn2r@ovh.net,Female,Geba
mmanes2s,Max,Manes,mmanes2s@who.int,Male,Roombo
dbette2t,Dalia,Bette,dbette2t@quantcast.com,Female,Oyoloo
scolls2u,Shanan,Colls,scolls2u@bigcartel.com,Male,Fivespan
pbernardy2v,Penelope,Bernardy,pbernardy2v@howstuffworks.com,Female,Quinu
fbaszkiewicz2w,Fields,Baszkiewicz,fbaszkiewicz2w@harvard.edu,Male,Dynava
tspillard2x,Traci,Spillard,tspillard2x@ovh.net,Female,Twinte
hpetraitis2y,Helaine,Petraitis,hpetraitis2y@vistaprint.com,Female,Agivu
sscandroot2z,Susannah,Scandroot,sscandroot2z@howstuffworks.com,Female,Vidoo
opoulton30,Osmund,Poulton,opoulton30@bbb.org,Male,Dynava
dlarive31,Delilah,Larive,dlarive31@yandex.ru,Female,Photobean
hmarmion32,Haslett,Marmion,hmarmion32@google.com.au,Male,Blognation
jdewberry33,Jenn,Dewberry,jdewberry33@gnu.org,Female,Aivee
cletham34,Cahra,Letham,cletham34@unicef.org,Female,Thoughtmix
mcocking35,Myer,Cocking,mcocking35@house.gov,Male,Twimbo
bwestney36,Barth,Westney,bwestney36@blinklist.com,Male,Einti
pstanesby37,Petr,Stanesby,pstanesby37@domainmarket.com,Male,Centidel
afulstow38,Abdul,Fulstow,afulstow38@xrea.com,Male,Jaxworks
rtampen39,Renato,Tampen,rtampen39@tiny.cc,Male,Fivebridge
mgarnam3a,Maxine,Garnam,mgarnam3a@rambler.ru,Female,Wikizz
cballam3b,Ciel,Ballam,cballam3b@latimes.com,Female,Ntag
lkingsworth3c,Lambert,Kingsworth,lkingsworth3c@google.ca,Male,Meezzy
edanilchenko3d,Ernesto,Danilchenko,edanilchenko3d@flavors.me,Male,Dablist
njakeman3e,Nikolas,Jakeman,njakeman3e@networksolutions.com,Male,Bubblebox
mgreenroad3f,Murry,Greenroad,mgreenroad3f@sphinn.com,Male,Eire
vhuson3g,Vinny,Huson,vhuson3g@quantcast.com,Female,Skinix
lbauld3h,Laney,Bauld,lbauld3h@devhub.com,Male,Wordify
abelvard3i,Aylmer,Belvard,abelvard3i@php.net,Male,Roombo
ckemell3j,Caron,Kemell,ckemell3j@studiopress.com,Female,Edgeify
isnookes3k,Isidora,Snookes,isnookes3k@patch.com,Female,Livetube
mgonet3l,Mozes,Gonet,mgonet3l@icio.us,Male,Voonte
lkeyes3m,Larine,Keyes,lkeyes3m@noaa.gov,Female,Voolia
efulger3n,Evey,Fulger,efulger3n@devhub.com,Female,Yadel
gkalinsky3o,Garvin,Kalinsky,gkalinsky3o@census.gov,Male,Eadel
sconnah3p,Seumas,Connah,sconnah3p@spotify.com,Male,Avamm
hsmylie3q,Hercule,Smylie,hsmylie3q@hostgator.com,Male,Fivebridge
dprobbin3r,Danya,Probbin,dprobbin3r@cornell.edu,Female,Browsebug
rglasscock3s,Ring,Glasscock,rglasscock3s@shop-pro.jp,Male,Brainlounge
acisar3t,Angelika,Cisar,acisar3t@ca.gov,Female,Oba
pfearey3u,Pet,Fearey,pfearey3u@shareasale.com,Female,Meevee
emchenry3v,Ellyn,McHenry,emchenry3v@trellian.com,Female,Gabcube
mrattenberie3w,Mart,Rattenberie,mrattenberie3w@npr.org,Male,Aimbo
tguarin3x,Timothy,Guarin,tguarin3x@acquirethisname.com,Male,Talane
craikes3y,Corbett,Raikes,craikes3y@oracle.com,Male,Yamia
mtexton3z,Myrna,Texton,mtexton3z@chicagotribune.com,Female,Trunyx
tgruby40,Tammy,Gruby,tgruby40@mozilla.org,Male,Mymm
rdiggar41,Rena,Diggar,rdiggar41@sphinn.com,Female,Quimba
wprevett42,Winston,Prevett,wprevett42@columbia.edu,Male,Vitz
apyner43,Amye,Pyner,apyner43@qq.com,Female,Vitz
etattershaw44,Edvard,Tattershaw,etattershaw44@storify.com,Male,Edgepulse
ksobczak45,Kariotta,Sobczak,ksobczak45@imdb.com,Female,Vipe
awillstrop46,Amelita,Willstrop,awillstrop46@artisteer.com,Female,Buzzster
pgarment47,Peder,Garment,pgarment47@so-net.ne.jp,Male,Jaloo
rsames48,Ray,Sames,rsames48@istockphoto.com,Male,Feedspan
mbartram49,Marissa,Bartram,mbartram49@elpais.com,Female,Youbridge
hmalser4a,Harlie,Malser,hmalser4a@purevolume.com,Female,Vipe
rcordes4b,Ram,Cordes,rcordes4b@51.la,Male,Miboo
sgylle4c,Sigfrid,Gylle,sgylle4c@mozilla.com,Male,Quimba
jthow4d,Julietta,Thow,jthow4d@wix.com,Female,Yadel
sbartens4e,Shauna,Bartens,sbartens4e@qq.com,Female,Avamm
lbeurich4f,Lindsay,Beurich,lbeurich4f@weibo.com,Female,Jaxbean
hwhetson4g,Hillary,Whetson,hwhetson4g@hugedomains.com,Female,Gabspot
aselwin4h,Alley,Selwin,aselwin4h@google.com,Male,Dynava
wmincher4i,Werner,Mincher,wmincher4i@themeforest.net,Male,Bluezoom
fchavey4j,Freddie,Chavey,fchavey4j@youtube.com,Male,Teklist
lrobak4k,Layla,Robak,lrobak4k@themeforest.net,Female,Skidoo
amcmenamin4l,Alwyn,McMenamin,amcmenamin4l@nature.com,Male,Centidel
pcloughton4m,Pincus,Cloughton,pcloughton4m@squidoo.com,Male,Oyonder
charling4n,Christel,Harling,charling4n@ucsd.edu,Female,Abatz
opovele4o,Orv,Povele,opovele4o@intel.com,Male,Feedbug
dabazi4p,Dorette,Abazi,dabazi4p@vimeo.com,Female,Thoughtsphere
lchelsom4q,Levon,Chelsom,lchelsom4q@hibu.com,Male,Gabtype
vwithey4r,Violet,Withey,vwithey4r@businessweek.com,Female,Agivu
jegdell4s,Jori,Egdell,jegdell4s@unblog.fr,Female,Skinte
dsimmill4t,Donny,Simmill,dsimmill4t@ft.com,Male,Yozio
rmanterfield4u,Rae,Manterfield,rmanterfield4u@purevolume.com,Female,Skyble
aheliot4v,Aldric,Heliot,aheliot4v@bizjournals.com,Male,Gigaclub
lhowchin4w,Lily,Howchin,lhowchin4w@goo.ne.jp,Female,Topiczoom
ccrocombe4x,Celeste,Crocombe,ccrocombe4x@guardian.co.uk,Female,Eamia
pwinslet4y,Pier,Winslet,pwinslet4y@sbwire.com,Female,Riffpedia
ddomeney4z,Danyette,Domeney,ddomeney4z@who.int,Female,Voonix
esandercroft50,Ethelda,Sandercroft,esandercroft50@nsw.gov.au,Female,Meeveo
bheadan51,Bruno,Headan,bheadan51@google.fr,Male,Jetwire
cmacknight52,Cookie,MacKnight,cmacknight52@hibu.com,Female,Vinder
abulleyn53,Analiese,Bulleyn,abulleyn53@dot.gov,Female,Plambee
fpettet54,Fran,Pettet,fpettet54@state.tx.us,Male,Riffpedia
kreskelly55,Kristoforo,Reskelly,kreskelly55@phoca.cz,Male,Meedoo
oscanlin56,Olympie,Scanlin,oscanlin56@barnesandnoble.com,Female,Brightdog
mjanku57,Marlena,Janku,mjanku57@bbc.co.uk,Female,Rhynyx
gmakeswell58,Ganny,Makeswell,gmakeswell58@ibm.com,Male,Jetwire
gstenning59,Guillaume,Stenning,gstenning59@house.gov,Male,Buzzbean
tdahler5a,Trevor,Dahler,tdahler5a@elpais.com,Male,Innojam
gmazey5b,Gunther,Mazey,gmazey5b@yahoo.co.jp,Male,Tagchat
goharney5c,Gwyneth,O'Harney,goharney5c@youtu.be,Female,Quinu
hfensome5d,Huntington,Fensome,hfensome5d@cnet.com,Male,Jaxbean
tburde5e,Tanhya,Burde,tburde5e@live.com,Female,Zava
rlicas5f,Rowan,Licas,rlicas5f@ft.com,Male,Leexo
rpiatkow5g,Rivalee,Piatkow,rpiatkow5g@over-blog.com,Female,Zoomzone
dbraidon5h,Dominga,Braidon,dbraidon5h@skyrock.com,Female,Realcube
tcure5i,Thaine,Cure,tcure5i@dell.com,Male,Brainbox
nglencorse5j,Nell,Glencorse,nglencorse5j@yellowpages.com,Female,Ailane
nrampley5k,Neale,Rampley,nrampley5k@jiathis.com,Male,Latz
pbessom5l,Pattin,Bessom,pbessom5l@uol.com.br,Male,Flashset
tvasilkov5m,Terrance,Vasilkov,tvasilkov5m@trellian.com,Male,Kazio
mgaskarth5n,Michel,Gaskarth,mgaskarth5n@jalbum.net,Female,Yabox
rblesing5o,Rock,Blesing,rblesing5o@i2i.jp,Male,Cogilith
dstrangwood5p,Devlin,Strangwood,dstrangwood5p@e-recht24.de,Male,Edgepulse
nmelmoth5q,Nollie,Melmoth,nmelmoth5q@tiny.cc,Male,Youfeed
rmoy5r,Rourke,Moy,rmoy5r@mapquest.com,Male,Skajo
ggartsyde5s,Geri,Gartsyde,ggartsyde5s@rakuten.co.jp,Female,Fiveclub
dpelham5t,Daria,Pelham,dpelham5t@tumblr.com,Female,Izio
sleuchars5u,Sydelle,Leuchars,sleuchars5u@angelfire.com,Female,Lajo
akimbrough5v,Athene,Kimbrough,akimbrough5v@eepurl.com,Female,Skiba
aalebrooke5w,Aveline,Alebrooke,aalebrooke5w@ted.com,Female,Zoozzy
fmalarkey5x,Feodora,Malarkey,fmalarkey5x@edublogs.org,Female,Buzzster
tboyne5y,Theo,Boyne,tboyne5y@wix.com,Male,Trilith
dorys5z,Dory,Orys,dorys5z@altervista.org,Female,Eimbee
cdutch60,Culley,Dutch,cdutch60@meetup.com,Male,Riffpedia
mflay61,Malissia,Flay,mflay61@google.pl,Female,Browseblab
ksloam62,Karee,Sloam,ksloam62@cnet.com,Female,Skivee
ghiley63,Grannie,Hiley,ghiley63@digg.com,Male,Oyoba
rboulsher64,Rivy,Boulsher,rboulsher64@illinois.edu,Female,Mynte
trablan65,Turner,Rablan,trablan65@hugedomains.com,Male,Mybuzz
greadwin66,Garald,Readwin,greadwin66@blog.com,Male,Photofeed
teadmeades67,Tuckie,Eadmeades,teadmeades67@senate.gov,Male,Thoughtbridge
gmacelroy68,Gwenni,MacElroy,gmacelroy68@4shared.com,Female,Yata
midell69,Major,Idell,midell69@house.gov,Male,Tagpad
aclemente6a,Audrye,Clemente,aclemente6a@nsw.gov.au,Female,Edgeblab
celkington6b,Claude,Elkington,celkington6b@bloglines.com,Female,Gabvine
ageggus6c,Artemas,Geggus,ageggus6c@wired.com,Male,Livetube
gfrankland6d,Gilly,Frankland,gfrankland6d@slate.com,Female,Fivespan
bwoodall6e,Bess,Woodall,bwoodall6e@taobao.com,Female,Realblab
fcampling6f,Freddie,Campling,fcampling6f@indiegogo.com,Female,Gigabox
ajory6g,Alecia,Jory,ajory6g@tripadvisor.com,Female,Realbuzz
ecaddan6h,Eduardo,Caddan,ecaddan6h@unblog.fr,Male,Janyx
rcheng6i,Rozanne,Cheng,rcheng6i@edublogs.org,Female,Voonyx
cloughead6j,Cello,Loughead,cloughead6j@ibm.com,Male,Tazz
mrubinlicht6k,Moll,Rubinlicht,mrubinlicht6k@uiuc.edu,Female,Wikizz
ovogeller6l,Olympia,Vogeller,ovogeller6l@com.com,Female,Zoombeat
nblankley6m,Noak,Blankley,nblankley6m@facebook.com,Male,Yotz
kjevon6n,Karlis,Jevon,kjevon6n@multiply.com,Male,Babbleopia
cmcgriffin6o,Carlie,McGriffin,cmcgriffin6o@nationalgeographic.com,Male,Chatterbridge
hmagowan6p,Hamel,Magowan,hmagowan6p@epa.gov,Male,Browsecat
rlobell6q,Rutledge,Lobell,rlobell6q@netvibes.com,Male,Trunyx
jkiera6r,Janith,Kiera,jkiera6r@whitehouse.gov,Female,Wordtune
cbrafield6s,Cari,Brafield,cbrafield6s@nydailynews.com,Female,Roomm
mmckeurtan6t,Maurie,McKeurtan,mmckeurtan6t@craigslist.org,Male,Kazio
arowdell6u,Allys,Rowdell,arowdell6u@cdbaby.com,Female,Feedfire
wkelso6v,Wilhelm,Kelso,wkelso6v@liveinternet.ru,Male,Centizu
npinchen6w,Nikolaos,Pinchen,npinchen6w@nationalgeographic.com,Male,Innotype
bbaroch6x,Bridgette,Baroch,bbaroch6x@tripadvisor.com,Female,Shufflester
yboler6y,Yorgo,Boler,yboler6y@naver.com,Male,Wikivu
aruncieman6z,Alessandra,Runcieman,aruncieman6z@sohu.com,Female,Linklinks
sgermann70,Shadow,Germann,sgermann70@unesco.org,Male,Skiptube
aredwin71,Ash,Redwin,aredwin71@wisc.edu,Male,Npath
amcbeith72,Ardeen,McBeith,amcbeith72@cbc.ca,Female,Voonte
atremblot73,Audra,Tremblot,atremblot73@angelfire.com,Female,Yabox
ihoudhury74,Ines,Houdhury,ihoudhury74@accuweather.com,Female,Viva
fren75,Felita,Ren,fren75@imdb.com,Female,Tazzy
pasey76,Paolina,Asey,pasey76@jiathis.com,Female,Voonte
slauderdale77,Stewart,Lauderdale,slauderdale77@cocolog-nifty.com,Male,Twimm
hgissing78,Hillie,Gissing,hgissing78@europa.eu,Male,Gigashots
mansteys79,Mabelle,Ansteys,mansteys79@furl.net,Female,Wordify
mbalentyne7a,Modestine,Balentyne,mbalentyne7a@simplemachines.org,Female,Brightbean
ghowie7b,Garrick,Howie,ghowie7b@over-blog.com,Male,Browsecat
ggammet7c,Gianna,Gammet,ggammet7c@opera.com,Female,Camido
cscrivin7d,Cacilia,Scrivin,cscrivin7d@posterous.com,Female,Quinu
trivitt7e,Tuckie,Rivitt,trivitt7e@dion.ne.jp,Male,Devpoint
wtoplin7f,Walton,Toplin,wtoplin7f@cocolog-nifty.com,Male,Mydo
fbewicke7g,Flory,Bewicke,fbewicke7g@cisco.com,Male,Yamia
bohagirtie7h,Blisse,O'Hagirtie,bohagirtie7h@miitbeian.gov.cn,Female,Kwilith
srance7i,Sherm,Rance,srance7i@elpais.com,Male,Chatterpoint
tbresman7j,Tony,Bresman,tbresman7j@unesco.org,Male,Realpoint
kdinkin7k,Kerr,Dinkin,kdinkin7k@cloudflare.com,Male,Avamba
gboxhill7l,Gib,Boxhill,gboxhill7l@topsy.com,Male,Meejo
gstrick7m,Garrott,Strick,gstrick7m@opera.com,Male,Fliptune
jbooeln7n,Jocelyn,Booeln,jbooeln7n@virginia.edu,Female,Photolist
ccritchlow7o,Carree,Critchlow,ccritchlow7o@twitpic.com,Female,Realblab
bradwell7p,Benjy,Radwell,bradwell7p@jigsy.com,Male,Photobug
phiseman7q,Paulie,Hiseman,phiseman7q@earthlink.net,Female,Yodel
brutigliano7r,Blane,Rutigliano,brutigliano7r@typepad.com,Male,Photolist
cfrude7s,Cherey,Frude,cfrude7s@123-reg.co.uk,Female,Innojam
tvandijk7t,Thacher,Van Dijk,tvandijk7t@mashable.com,Male,Latz
crusling7u,Caroline,Rusling,crusling7u@zimbio.com,Female,Tagopia
mwaison7v,Merrielle,Waison,mwaison7v@ning.com,Female,Yombu
jdunn7w,Jami,Dunn,jdunn7w@phpbb.com,Female,Dabtype
mcorzor7x,Marve,Corzor,mcorzor7x@mediafire.com,Male,Realcube
dabrahamovitz7y,Dominique,Abrahamovitz,dabrahamovitz7y@theatlantic.com,Male,Yozio
awesterman7z,Alleen,Westerman,awesterman7z@i2i.jp,Female,Dablist
jbrosius80,Jean,Brosius,jbrosius80@upenn.edu,Female,Photofeed
jodams81,Jackquelin,Odams,jodams81@blinklist.com,Female,Babbleblab
lbilam82,Laura,Bilam,lbilam82@google.ca,Female,Skynoodle
mwitcombe83,Mimi,Witcombe,mwitcombe83@ameblo.jp,Female,Podcat
droggers84,Donny,Roggers,droggers84@lycos.com,Male,Bubbletube
iayris85,Inga,Ayris,iayris85@nifty.com,Female,Zoonder
lpascho86,Lyndel,Pascho,lpascho86@netscape.com,Female,Leenti
mlyffe87,Marmaduke,Lyffe,mlyffe87@google.nl,Male,Eabox
peliaz88,Pris,Eliaz,peliaz88@twitter.com,Female,Youtags
lpotier89,Laurie,Potier,lpotier89@4shared.com,Male,Vipe
sgeorgius8a,Somerset,Georgius,sgeorgius8a@squidoo.com,Male,Voomm
hkubista8b,Haley,Kubista,hkubista8b@dagondesign.com,Female,Einti
cleimster8c,Conny,Leimster,cleimster8c@wikimedia.org,Male,Ozu
larton8d,Lavena,Arton,larton8d@wikispaces.com,Female,Tanoodle
sfossord8e,Sidonnie,Fossord,sfossord8e@hugedomains.com,Female,Talane
rmactrustam8f,Rosita,MacTrustam,rmactrustam8f@google.cn,Female,Rhynyx
hvanbrugh8g,Hiram,VanBrugh,hvanbrugh8g@newyorker.com,Male,Rhynyx
rcluney8h,Roland,Cluney,rcluney8h@printfriendly.com,Male,Jayo
mtaunton8i,Minny,Taunton,mtaunton8i@cbsnews.com,Female,Rhynoodle
vphelan8j,Vance,Phelan,vphelan8j@hibu.com,Male,Browseblab
mcawthry8k,Martin,Cawthry,mcawthry8k@studiopress.com,Male,Katz
ckinnerk8l,Carlene,Kinnerk,ckinnerk8l@toplist.cz,Female,Miboo
mnecolds8m,Maurits,Necolds,mnecolds8m@yelp.com,Male,Skivee
ctwiggins8n,Claudelle,Twiggins,ctwiggins8n@cpanel.net,Female,Janyx
btargetter8o,Barty,Targetter,btargetter8o@shinystat.com,Male,Thoughtblab
ehelmke8p,Elvin,Helmke,ehelmke8p@w3.org,Male,Thoughtsphere
wcleynman8q,Willard,Cleynman,wcleynman8q@acquirethisname.com,Male,Ailane
idesbrow8r,Idelle,Desbrow,idesbrow8r@earthlink.net,Female,Oyoyo
smowle8s,Suzanna,Mowle,smowle8s@sogou.com,Female,Meedoo
llaybourne8t,Lauretta,Laybourne,llaybourne8t@sourceforge.net,Female,Rhyzio
mhush8u,Marta,Hush,mhush8u@gov.uk,Female,Topiczoom
ctutchener8v,Celinka,Tutchener,ctutchener8v@nytimes.com,Female,Zoonoodle
marnecke8w,Myrna,Arnecke,marnecke8w@bluehost.com,Female,Shufflebeat
mteall8x,Merell,Teall,mteall8x@bloglovin.com,Male,Vipe
mcurrao8y,Mei,Currao,mcurrao8y@51.la,Female,Quamba
bsidwick8z,Bernelle,Sidwick,bsidwick8z@acquirethisname.com,Female,Flipopia
caxelbee90,Claudette,Axelbee,caxelbee90@umn.edu,Female,Jaxnation
rduley91,Roarke,Duley,rduley91@indiatimes.com,Male,Dynabox
isymers92,Ingelbert,Symers,isymers92@sitemeter.com,Male,Mudo
alaweles93,Arlyn,Laweles,alaweles93@msn.com,Female,Jaloo
mmuff94,Murdock,Muff,mmuff94@barnesandnoble.com,Male,Demimbu
izorzini95,Idell,Zorzini,izorzini95@nifty.com,Female,Jabbertype
spetrozzi96,Shamus,Petrozzi,spetrozzi96@google.de,Male,Devify
rmethuen97,Rodina,Methuen,rmethuen97@ifeng.com,Female,Plajo
bcathenod98,Boris,Cathenod,bcathenod98@com.com,Male,Meetz
pfesby99,Petey,Fesby,pfesby99@usnews.com,Male,Abata
amcelhargy9a,Alyssa,McElhargy,amcelhargy9a@cisco.com,Female,Mycat
hdelete9b,Horace,Delete,hdelete9b@springer.com,Male,Gabvine
mjancar9c,Melesa,Jancar,mjancar9c@parallels.com,Female,Trunyx
gpicot9d,Gardner,Picot,gpicot9d@altervista.org,Male,Gabvine
esanford9e,Eadmund,Sanford,esanford9e@dedecms.com,Male,Feedfire
twinckles9f,Thorny,Winckles,twinckles9f@dell.com,Male,Twiyo
dkrause9g,Dominga,Krause,dkrause9g@sitemeter.com,Female,Feedspan
swimbush9h,Steffen,Wimbush,swimbush9h@berkeley.edu,Male,Kaymbo
dmcclymont9i,Darnall,McClymont,dmcclymont9i@last.fm,Male,Gigabox
eperrottet9j,Ealasaid,Perrottet,eperrottet9j@nbcnews.com,Female,Trilith
bwheatman9k,Benn,Wheatman,bwheatman9k@mozilla.org,Male,Skinix
cterry9l,Cary,Terry,cterry9l@china.com.cn,Female,Yata
gdutteridge9m,Gail,Dutteridge,gdutteridge9m@who.int,Male,Babbleblab
crisman9n,Christabella,Risman,crisman9n@goo.gl,Female,Meeveo
nportis9o,Nari,Portis,nportis9o@gravatar.com,Female,Zoomdog
mreaveley9p,Meade,Reaveley,mreaveley9p@paginegialle.it,Female,Zoombeat
hspeere9q,Holmes,Speere,hspeere9q@creativecommons.org,Male,Rhycero
told9r,Tory,Old,told9r@bigcartel.com,Female,Yambee
erouchy9s,Elwira,Rouchy,erouchy9s@utexas.edu,Female,Eire
kclother9t,Kelly,Clother,kclother9t@blog.com,Female,Nlounge
rentissle9u,Raye,Entissle,rentissle9u@friendfeed.com,Female,Bluezoom
scorradetti9v,Sharona,Corradetti,scorradetti9v@geocities.jp,Female,Realpoint
isandells9w,Ibbie,Sandells,isandells9w@ehow.com,Female,Edgeify
fkillock9x,Francisca,Killock,fkillock9x@blog.com,Female,Gabvine
wrodear9y,Wilhelm,Rodear,wrodear9y@acquirethisname.com,Male,Shufflebeat
dchesshyre9z,Danielle,Chesshyre,dchesshyre9z@multiply.com,Female,Quinu
sbarbarya0,Stanislaus,Barbary,sbarbarya0@nih.gov,Male,Jabberbean
nimriea1,Nico,Imrie,nimriea1@cisco.com,Male,Zoomcast
fsimonettoa2,Forrest,Simonetto,fsimonettoa2@slate.com,Male,Aimbu
dplotta3,Daryl,Plott,dplotta3@nbcnews.com,Male,Agimba
aboobyera4,Annabela,Boobyer,aboobyera4@telegraph.co.uk,Female,Edgewire
ghausea5,Gratiana,Hause,ghausea5@mit.edu,Female,Shuffledrive
atroopa6,Arabela,Troop,atroopa6@gizmodo.com,Female,Dabshots
jsimondsona7,Jeremie,Simondson,jsimondsona7@geocities.jp,Male,Tavu
dbaseka8,Drusilla,Basek,dbaseka8@behance.net,Female,Miboo
cfuzzensa9,Cosme,Fuzzens,cfuzzensa9@issuu.com,Male,Kimia
cvansalzbergeraa,Clerc,Van Salzberger,cvansalzbergeraa@yale.edu,Male,Kimia
galbenab,Gianna,Alben,galbenab@issuu.com,Female,Vitz
ecarlawac,Ellene,Carlaw,ecarlawac@symantec.com,Female,Thoughtmix
mpratorad,Martina,Prator,mpratorad@ow.ly,Female,Jaxbean
mshandae,Mia,Shand,mshandae@toplist.cz,Female,Quatz
sasquithaf,Swen,Asquith,sasquithaf@i2i.jp,Male,Livefish
mturpeyag,Miguela,Turpey,mturpeyag@sogou.com,Female,Mynte
ewemah,Elsbeth,Wem,ewemah@shareasale.com,Female,Zava
rbuffhamai,Renault,Buffham,rbuffhamai@canalblog.com,Male,Browsedrive
kmoakleraj,Kippie,Moakler,kmoakleraj@cyberchimps.com,Female,Jaxbean
gbrandiak,Galen,Brandi,gbrandiak@mayoclinic.com,Male,Chatterbridge
nscourgeal,Nickolaus,Scourge,nscourgeal@scribd.com,Male,Wikivu
cbrosiusam,Candi,Brosius,cbrosiusam@prweb.com,Female,Lazzy
iboomean,Isabel,Boome,iboomean@miitbeian.gov.cn,Female,Jatri
dgarzaao,Dieter,Garza,dgarzaao@squarespace.com,Male,Jabbertype
spresserap,Sumner,Presser,spresserap@weibo.com,Male,Muxo
thansberryaq,Trent,Hansberry,thansberryaq@salon.com,Male,Trunyx
swemar,Sosanna,Wem,swemar@networksolutions.com,Female,Dynabox
gluxonas,Giorgia,Luxon,gluxonas@dailymotion.com,Female,Thoughtblab
preynoolldsat,Patricia,Reynoollds,preynoolldsat@state.gov,Female,Riffwire
awhickmanau,Ally,Whickman,awhickmanau@vistaprint.com,Female,Cogibox
mbartellav,Miranda,Bartell,mbartellav@youtube.com,Female,Tekfly
rhamblingaw,Ricki,Hambling,rhamblingaw@dailymotion.com,Female,Rhynoodle
ayeomansax,Aharon,Yeomans,ayeomansax@sogou.com,Male,Eayo
bpegdenay,Bryon,Pegden,bpegdenay@amazon.de,Male,Youspan
escoleaz,Ewan,Scole,escoleaz@vkontakte.ru,Male,Gabtune
vcarvilb0,Vere,Carvil,vcarvilb0@salon.com,Female,Zooveo
jrobeb1,Joanne,Robe,jrobeb1@hao123.com,Female,Kazio
aingamellsb2,Antone,Ingamells,aingamellsb2@geocities.jp,Male,Yodoo
krustadgeb3,Katerine,Rustadge,krustadgeb3@so-net.ne.jp,Female,Riffpath
pfiltnessb4,Parker,Filtness,pfiltnessb4@netlog.com,Male,Feednation
ecourtenayb5,Emlen,Courtenay,ecourtenayb5@arstechnica.com,Male,Skalith
qnodesb6,Quintilla,Nodes,qnodesb6@ucoz.com,Female,Brightbean
kfarnellb7,Kassandra,Farnell,kfarnellb7@dion.ne.jp,Female,Twitternation
aglashbyb8,Aubrey,Glashby,aglashbyb8@surveymonkey.com,Male,Quaxo
tcecelyb9,Tomas,Cecely,tcecelyb9@netlog.com,Male,Fiveclub
ptrebbleba,Portie,Trebble,ptrebbleba@umich.edu,Male,Fliptune
eboyerbb,Em,Boyer,eboyerbb@nps.gov,Male,Dabtype
cfockebc,Cyndi,Focke,cfockebc@webs.com,Female,Skiba
lcrossonbd,Libbey,Crosson,lcrossonbd@amazon.co.uk,Female,Mita
besbergerbe,Bette,Esberger,besbergerbe@reverbnation.com,Female,Ntag
amonckmanbf,Alisander,Monckman,amonckmanbf@ed.gov,Male,Kimia
kpughebg,Kara-lynn,Pughe,kpughebg@quantcast.com,Female,Riffpedia
wblintbh,Wendie,Blint,wblintbh@weather.com,Female,Centimia
sgoudiebi,Sapphire,Goudie,sgoudiebi@purevolume.com,Female,Devify
ncoghillbj,Nikolaos,Coghill,ncoghillbj@sbwire.com,Male,Minyx
amorradbk,Alyce,Morrad,amorradbk@soundcloud.com,Female,Twitterwire
rmccaffreybl,Ring,McCaffrey,rmccaffreybl@mashable.com,Male,Plambee
asedgerbm,Adriaens,Sedger,asedgerbm@barnesandnoble.com,Female,Podcat
aellisbn,Adham,Ellis,aellisbn@sfgate.com,Male,Skidoo
tprydiebo,Tam,Prydie,tprydiebo@wordpress.org,Male,Quatz
istringerbp,Ignatius,Stringer,istringerbp@reference.com,Male,Buzzbean
kshaeferbq,Kally,Shaefer,kshaeferbq@dailymotion.com,Female,Thoughtblab
mfreshwaterbr,Madelin,Freshwater,mfreshwaterbr@zimbio.com,Female,Quimm
kwoolerbs,Knox,Wooler,kwoolerbs@privacy.gov.au,Male,Riffpath
tkalbererbt,Tudor,Kalberer,tkalbererbt@topsy.com,Male,Youopia
fdightonbu,Fanchette,Dighton,fdightonbu@discuz.net,Female,Yabox
jollebv,Jeremias,Olle,jollebv@globo.com,Male,Janyx
kgainebw,Kristyn,Gaine,kgainebw@unesco.org,Female,Tambee
dberryclothbx,Demetra,Berrycloth,dberryclothbx@wunderground.com,Female,Vinder
qpolleby,Quentin,Polle,qpolleby@about.me,Male,Avamm
bcakebz,Barnabas,Cake,bcakebz@friendfeed.com,Male,Realmix
abulleync0,Anatol,Bulleyn,abulleync0@businessweek.com,Male,Tagfeed
vzottolic1,Virgilio,Zottoli,vzottolic1@tinypic.com,Male,Brainlounge
hblaxleyc2,Hillie,Blaxley,hblaxleyc2@discuz.net,Male,Zazio
sheislerc3,Shawna,Heisler,sheislerc3@tiny.cc,Female,Thoughtsphere
dgrushinc4,Donnell,Grushin,dgrushinc4@devhub.com,Male,Skaboo
kshakeladyc5,Kerry,Shakelady,kshakeladyc5@zdnet.com,Male,Fivespan
rranklingc6,Riordan,Rankling,rranklingc6@kickstarter.com,Male,Thoughtmix
mmafhamc7,Merissa,Mafham,mmafhamc7@scribd.com,Female,Jabbersphere
etristramc8,Evelyn,Tristram,etristramc8@unesco.org,Male,Riffwire
frevingtonc9,Farlee,Revington,frevingtonc9@typepad.com,Male,Abatz
ssandbrookca,Skippy,Sandbrook,ssandbrookca@chron.com,Male,Eidel
mmiramscb,Marsh,Mirams,mmiramscb@digg.com,Male,Latz
nadamczykcc,Norine,Adamczyk,nadamczykcc@accuweather.com,Female,Meedoo
rlamputtcd,Roxanna,Lamputt,rlamputtcd@google.de,Female,Cogibox
hclevelandce,Hayes,Cleveland,hclevelandce@oaic.gov.au,Male,LiveZ
iflintoftcf,Ignazio,Flintoft,iflintoftcf@cyberchimps.com,Male,Blogtag
rjacqueminotcg,Rollo,Jacqueminot,rjacqueminotcg@bravesites.com,Male,Mynte
kcarnalanch,Karim,Carnalan,kcarnalanch@state.gov,Male,Buzzbean
ojolyci,Olenolin,Joly,ojolyci@dailymotion.com,Male,Gigabox
mhubnercj,Morris,Hubner,mhubnercj@php.net,Male,Voolith
wbehrendsenck,Wiatt,Behrendsen,wbehrendsenck@bloglines.com,Male,Jaxbean
abeaumentcl,Arne,Beaument,abeaumentcl@stanford.edu,Male,Quire
fcherrycm,Ferdie,Cherry,fcherrycm@intel.com,Male,Riffwire
apetzcn,Abby,Petz,apetzcn@phoca.cz,Male,JumpXS
acastiglionico,Aylmer,Castiglioni,acastiglionico@pcworld.com,Male,Devcast
hdunwoodycp,Hoebart,Dunwoody,hdunwoodycp@fastcompany.com,Male,Shuffletag
plansdowncq,Pepito,Lansdown,plansdowncq@bloglines.com,Male,Kare
sbrahancr,Sam,Brahan,sbrahancr@opensource.org,Female,Leenti
candrewarthacs,Corrina,Andrewartha,candrewarthacs@goo.ne.jp,Female,Oyoloo
pfollenct,Paola,Follen,pfollenct@illinois.edu,Female,Tazz
rebdencu,Randi,Ebden,rebdencu@cloudflare.com,Male,Eidel
mlogancv,Molly,Logan,mlogancv@foxnews.com,Female,Ntag
ebuggcw,Edmund,Bugg,ebuggcw@wikia.com,Male,Brainbox
mkhomishincx,Matteo,Khomishin,mkhomishincx@usgs.gov,Male,Skyvu
djarroldcy,Debbie,Jarrold,djarroldcy@indiatimes.com,Female,Skipstorm
pmaccafferkycz,Prince,MacCafferky,pmaccafferkycz@devhub.com,Male,Babbleopia
selmard0,Starlin,Elmar,selmard0@paginegialle.it,Female,Layo
ihayesmand1,Isabeau,Hayesman,ihayesmand1@dedecms.com,Female,Devpoint
jskirvaned2,Jaymee,Skirvane,jskirvaned2@plala.or.jp,Female,Riffwire
vspittalld3,Virginia,Spittall,vspittalld3@ihg.com,Female,Twitterbeat
molenechand4,Max,O'Lenechan,molenechand4@irs.gov,Female,Fivespan
cmccaughrend5,Cammy,McCaughren,cmccaughrend5@multiply.com,Male,Jabberstorm
ekeed6,Earle,Kee,ekeed6@buzzfeed.com,Male,Thoughtbridge
estebbingsd7,Emmott,Stebbings,estebbingsd7@dagondesign.com,Male,Skibox
eblatcherd8,Elvis,Blatcher,eblatcherd8@clickbank.net,Male,Skippad
fscrivnerd9,Fae,Scrivner,fscrivnerd9@rambler.ru,Female,Realbuzz
glewtonda,Gard,Lewton,glewtonda@bigcartel.com,Male,Aivee
cikinsdb,Cristobal,Ikins,cikinsdb@artisteer.com,Male,Oyope
fquippdc,Feliks,Quipp,fquippdc@live.com,Male,Linkbuzz
lrispendd,Lesli,Rispen,lrispendd@google.nl,Female,Einti
awishkarde,Aylmar,Wishkar,awishkarde@uiuc.edu,Male,Meevee
pphilipartdf,Perceval,Philipart,pphilipartdf@omniture.com,Male,Wikizz
gpabeldg,Geoff,Pabel,gpabeldg@163.com,Male,Flipbug
bzanredh,Blythe,Zanre,bzanredh@prweb.com,Female,JumpXS
hrodmandi,Haily,Rodman,hrodmandi@parallels.com,Male,Shufflester
gfrankisdj,Giffy,Frankis,gfrankisdj@is.gd,Male,Quamba
swhimpdk,Sadella,Whimp,swhimpdk@homestead.com,Female,Nlounge
clantiffedl,Crawford,Lantiffe,clantiffedl@google.co.uk,Male,Meedoo
bplowesdm,Berget,Plowes,bplowesdm@tripod.com,Female,Twitterwire
bwickeydn,Berry,Wickey,bwickeydn@ft.com,Female,Shuffledrive
fnewlandsdo,Frants,Newlands,fnewlandsdo@friendfeed.com,Male,Jetpulse
gcrucesdp,Gothart,Cruces,gcrucesdp@weather.com,Male,Tagchat
cnucciidq,Cindie,Nuccii,cnucciidq@xing.com,Female,Trilith
lbeckedr,Lamond,Becke,lbeckedr@1688.com,Male,Kayveo
dmilsapds,Dredi,Milsap,dmilsapds@cafepress.com,Female,Ntags
truddiforthdt,Tammi,Ruddiforth,truddiforthdt@devhub.com,Female,Fivechat
amccrearydu,Ambros,McCreary,amccrearydu@whitehouse.gov,Male,Jabbercube
kreariedv,Krystle,Rearie,kreariedv@nymag.com,Female,Yoveo
mlukinsdw,Marita,Lukins,mlukinsdw@squidoo.com,Female,Skinix
cscrancherdx,Craggie,Scrancher,cscrancherdx@zdnet.com,Male,Riffpedia
rlockneydy,Rayna,Lockney,rlockneydy@census.gov,Female,Jabbercube
rwolverdz,Reggy,Wolver,rwolverdz@tuttocitta.it,Male,Feedfire
lavramovice0,Laney,Avramovic,lavramovice0@behance.net,Male,Zava
hstukee1,Hadrian,Stuke,hstukee1@discovery.com,Male,Agimba
mladloee2,Mercy,Ladloe,mladloee2@networkadvertising.org,Female,Fanoodle
cmariyushkine3,Cinda,Mariyushkin,cmariyushkine3@issuu.com,Female,Yodel
bcutsforthe4,Bekki,Cutsforth,bcutsforthe4@blogger.com,Female,Shufflebeat
hthorwarthe5,Haley,Thorwarth,hthorwarthe5@ycombinator.com,Male,Dynava
ftassakere6,Fraser,Tassaker,ftassakere6@weather.com,Male,Demizz
tvidyapine7,Tanney,Vidyapin,tvidyapine7@mail.ru,Male,Fivechat
cdorrane8,Clem,Dorran,cdorrane8@google.de,Male,Digitube
narchiboulde9,Napoleon,Archibould,narchiboulde9@wp.com,Male,Youspan
niwanczykea,Neill,Iwanczyk,niwanczykea@wsj.com,Male,Dynazzy
mallboneb,Madelle,Allbon,mallboneb@toplist.cz,Female,Quimm
srangallec,Sherill,Rangall,srangallec@soup.io,Female,Pixonyx
pmckeefryed,Pauletta,McKeefry,pmckeefryed@un.org,Female,Topicware
sginnallyee,Sarge,Ginnally,sginnallyee@state.tx.us,Male,Talane
bmorsleyef,Bernardina,Morsley,bmorsleyef@smugmug.com,Female,Yakidoo
sdoswelleg,Shaun,Doswell,sdoswelleg@bizjournals.com,Female,Vimbo
alenneyeh,Adrien,Lenney,alenneyeh@nih.gov,Male,Gevee
kcristoforei,Kati,Cristofor,kcristoforei@washingtonpost.com,Female,Livepath
apavyerej,Artie,Pavyer,apavyerej@princeton.edu,Male,Skaboo
afullaloveek,Audry,Fullalove,afullaloveek@tumblr.com,Female,Roombo
amccrackanel,Alidia,McCrackan,amccrackanel@plala.or.jp,Female,Twinte
gwemem,Guy,Wem,gwemem@vinaora.com,Male,Mynte
lgallageren,Lin,Gallager,lgallageren@buzzfeed.com,Female,Skaboo
mlathleiffureeo,Maribel,Lathleiffure,mlathleiffureeo@state.gov,Female,Muxo
eeytelep,Ernest,Eytel,eeytelep@home.pl,Male,Dabtype
pwoolhouseeq,Philbert,Woolhouse,pwoolhouseeq@biblegateway.com,Male,Trudoo
jlambaler,Jacenta,Lambal,jlambaler@bandcamp.com,Female,Yambee
gbiasinies,Grantley,Biasini,gbiasinies@purevolume.com,Male,Thoughtbeat
gclinnicket,Gerianne,Clinnick,gclinnicket@barnesandnoble.com,Female,Kayveo
erendelleu,Ebonee,Rendell,erendelleu@google.nl,Female,Kwilith
fclerkev,Felix,Clerk,fclerkev@vimeo.com,Male,Linkbridge
rduffrieew,Ravi,Duffrie,rduffrieew@google.co.uk,Male,Blogpad
dgodsafeex,Denys,Godsafe,dgodsafeex@yandex.ru,Female,Yakijo
bclifforthey,Bernard,Clifforth,bclifforthey@nifty.com,Male,Yodoo
dcapponeerez,Darryl,Capponeer,dcapponeerez@uiuc.edu,Female,Lazzy
wgeckf0,Westleigh,Geck,wgeckf0@istockphoto.com,Male,Vinder
plortzf1,Parsifal,Lortz,plortzf1@homestead.com,Male,Yadel
gbaidenf2,Georgena,Baiden,gbaidenf2@jiathis.com,Female,Fiveclub
bwhitwoodf3,Beryle,Whitwood,bwhitwoodf3@cyberchimps.com,Female,Brainsphere
gharriagnf4,Gran,Harriagn,gharriagnf4@samsung.com,Male,Wikizz
ecoburnf5,Em,Coburn,ecoburnf5@baidu.com,Male,Oyoyo
nderoeckf6,Nonie,De Roeck,nderoeckf6@odnoklassniki.ru,Female,Yodoo
bscaddenf7,Berthe,Scadden,bscaddenf7@surveymonkey.com,Female,Babbleset
cliddingtonf8,Conan,Liddington,cliddingtonf8@dailymotion.com,Male,Realfire
lbezemerf9,Lincoln,Bezemer,lbezemerf9@pbs.org,Male,Topicstorm
bromandfa,Benedetta,Romand,bromandfa@eventbrite.com,Female,Ooba
rdavidovitchfb,Rebe,Davidovitch,rdavidovitchfb@marketwatch.com,Female,Fadeo
sphlippifc,Stefanie,Phlippi,sphlippifc@wiley.com,Female,Photojam
ewehdenfd,Errol,Wehden,ewehdenfd@huffingtonpost.com,Male,Fliptune
kmowsdillfe,Kenton,Mowsdill,kmowsdillfe@tinyurl.com,Male,Jatri
gpratorff,Guillaume,Prator,gpratorff@omniture.com,Male,Eare
spaeckmeyerfg,Steven,Paeckmeyer,spaeckmeyerfg@usatoday.com,Male,Edgeify
slaxefh,Stinky,Laxe,slaxefh@howstuffworks.com,Male,Quimba
awoodusfi,Agace,Woodus,awoodusfi@illinois.edu,Female,Demizz
mletchfordfj,Miner,Letchford,mletchfordfj@elpais.com,Male,Voolith
grashleighfk,Grannie,Rashleigh,grashleighfk@deviantart.com,Male,Oba
pbottellfl,Parry,Bottell,pbottellfl@pcworld.com,Male,Dynabox
astientonfm,Alexandre,Stienton,astientonfm@edublogs.org,Male,Jetwire
cboutellierfn,Clemmie,Boutellier,cboutellierfn@amazon.co.uk,Female,Vidoo
gcreganfo,Garvy,Cregan,gcreganfo@tamu.edu,Male,Jaloo
nscotterfp,Nerissa,Scotter,nscotterfp@java.com,Female,Geba
balexsandrowiczfq,Bondie,Alexsandrowicz,balexsandrowiczfq@ask.com,Male,Fatz
jchastanetfr,Jemima,Chastanet,jchastanetfr@abc.net.au,Female,Vinder
borteauxfs,Bing,Orteaux,borteauxfs@arizona.edu,Male,Topicblab
oouchterlonyft,Orson,Ouchterlony,oouchterlonyft@vistaprint.com,Male,Wikivu
ililianfu,Idette,Lilian,ililianfu@creativecommons.org,Female,Jamia
gfellneefv,Gherardo,Fellnee,gfellneefv@cbsnews.com,Male,Tazz
lpaulonfw,Luca,Paulon,lpaulonfw@google.de,Male,Tagcat
cmckennanfx,Clem,McKennan,cmckennanfx@vkontakte.ru,Male,Jabbertype
mjergerfy,Malinde,Jerger,mjergerfy@toplist.cz,Female,Zoomcast
cmatejkafz,Carroll,Matejka,cmatejkafz@plala.or.jp,Female,Jaxnation
lfrancescocciog0,Lindsey,Francescoccio,lfrancescocciog0@yellowpages.com,Male,Oloo
ahuetg1,Alejoa,Huet,ahuetg1@engadget.com,Male,Mynte
ascourgeg2,Amy,Scourge,ascourgeg2@ehow.com,Female,Zoomzone
rberreg3,Rich,Berre,rberreg3@skype.com,Male,Oyoba
lshallcrassg4,Liana,Shallcrass,lshallcrassg4@chron.com,Female,Livefish
pglassupg5,Phillipp,Glassup,pglassupg5@netvibes.com,Male,Ailane
adiperausg6,Angelika,Diperaus,adiperausg6@psu.edu,Female,Avamba
iarnouldg7,Ilene,Arnould,iarnouldg7@wired.com,Female,Camido
dcastellsg8,Dag,Castells,dcastellsg8@ca.gov,Male,Twitterworks
bbrislandg9,Bunni,Brisland,bbrislandg9@people.com.cn,Female,Babbleopia
emaudga,Emmye,Maud,emaudga@bluehost.com,Female,Fivebridge
astoniergb,Amandie,Stonier,astoniergb@bing.com,Female,Photospace
tpiffegc,Taber,Piffe,tpiffegc@github.com,Male,Feednation
adenyukingd,Alida,Denyukin,adenyukingd@google.co.jp,Female,Lazzy
kchessge,Kathy,Chess,kchessge@google.nl,Female,Jaloo
tstonehousegf,Tobe,Stonehouse,tstonehousegf@virginia.edu,Male,Realbridge
rhaylergg,Ruthi,Hayler,rhaylergg@illinois.edu,Female,Yombu
cskrynegh,Carole,Skryne,cskrynegh@eventbrite.com,Female,Camimbo
mnaerupgi,Matthew,Naerup,mnaerupgi@lycos.com,Male,Browsezoom
candrieuxgj,Calhoun,Andrieux,candrieuxgj@cmu.edu,Male,Yozio
skedwellgk,Savina,Kedwell,skedwellgk@usda.gov,Female,Quaxo
nkerinsgl,Nev,Kerins,nkerinsgl@slate.com,Male,Jaloo
dgarahangm,Donnie,Garahan,dgarahangm@mayoclinic.com,Female,Quatz
bsinghgn,Brad,Singh,bsinghgn@businesswire.com,Male,Mymm
rwisongo,Rasia,Wison,rwisongo@elegantthemes.com,Female,Einti
ogaynorgp,Olympie,Gaynor,ogaynorgp@google.com.hk,Female,Buzzster
falbangq,Fanni,Alban,falbangq@mit.edu,Female,Zava
lbriddengr,Lisbeth,Bridden,lbriddengr@weebly.com,Female,Demimbu
acroadgs,Alwin,Croad,acroadgs@dailymail.co.uk,Male,Skalith
jbengtsengt,Jimmy,Bengtsen,jbengtsengt@artisteer.com,Male,Devcast
alamplughgu,Andromache,Lamplugh,alamplughgu@photobucket.com,Female,Yodo
rcomigv,Roslyn,Comi,rcomigv@ca.gov,Female,Plambee
cbananegw,Constantine,Banane,cbananegw@prweb.com,Female,Quamba
rseivwrightgx,Rhetta,Seivwright,rseivwrightgx@tmall.com,Female,Devbug
tkrabbegy,Tisha,Krabbe,tkrabbegy@ft.com,Female,Buzzbean
kbenazetgz,Konstanze,Benazet,kbenazetgz@weibo.com,Female,Jatri
dlowseleyh0,Davine,Lowseley,dlowseleyh0@amazon.co.uk,Female,Devcast
dgengeh1,Davidde,Genge,dgengeh1@ted.com,Male,Gabspot
kheersh2,Kori,Heers,kheersh2@hhs.gov,Female,Oodoo
nnewallh3,Noland,Newall,nnewallh3@sbwire.com,Male,Shuffletag
wpitrolloh4,Wash,Pitrollo,wpitrolloh4@gmpg.org,Male,Jatri
xsandsh5,Xylia,Sands,xsandsh5@techcrunch.com,Female,Fanoodle
gonnh6,Gretta,Onn,gonnh6@acquirethisname.com,Female,Realfire
abechleyh7,Ava,Bechley,abechleyh7@list-manage.com,Female,Tagcat
kkrzysztofh8,Kip,Krzysztof,kkrzysztofh8@pcworld.com,Female,Twitterworks
mioannouh9,Marius,Ioannou,mioannouh9@about.me,Male,Lajo
acristeaha,Anne,Cristea,acristeaha@java.com,Female,Viva
ghawkinshb,Gregoire,Hawkins,ghawkinshb@cocolog-nifty.com,Male,Aimbo
pbertramhc,Phylys,Bertram,pbertramhc@a8.net,Female,Dazzlesphere
jjotchamhd,Jarvis,Jotcham,jjotchamhd@imgur.com,Male,Jamia
cslotthe,Cori,Slott,cslotthe@symantec.com,Female,Mymm
bnearyhf,Bordy,Neary,bnearyhf@ow.ly,Male,Flashspan
ejovishg,Ellerey,Jovis,ejovishg@npr.org,Male,Voolia
fklosahh,Farand,Klosa,fklosahh@studiopress.com,Female,Izio
gsquibbhi,Giacobo,Squibb,gsquibbhi@comcast.net,Male,Jayo
cseabournehj,Crissie,Seabourne,cseabournehj@zdnet.com,Female,Dabjam
afleminghk,Antonius,Fleming,afleminghk@ca.gov,Male,Tagopia
droggershl,Davis,Roggers,droggershl@google.ru,Male,Flipopia
afuryhm,Avrom,Fury,afuryhm@istockphoto.com,Male,Divavu
cbantonhn,Carol,Banton,cbantonhn@photobucket.com,Female,Abata
ktrinemanho,Krystalle,Trineman,ktrinemanho@istockphoto.com,Female,Twitterbridge
qpointinghp,Quint,Pointing,qpointinghp@alibaba.com,Male,Rhyloo
lpirishq,Livvyy,Piris,lpirishq@google.co.uk,Female,Yoveo
bmesserhr,Barron,Messer,bmesserhr@squarespace.com,Male,Layo
dgroddenhs,Dinah,Grodden,dgroddenhs@hubpages.com,Female,Jaxbean
dsaiceht,Danika,Saice,dsaiceht@jimdo.com,Female,Centidel
svidahu,Salome,Vida,svidahu@dmoz.org,Female,Topicstorm
droasthv,Dolli,Roast,droasthv@yellowbook.com,Female,Vinder
ymilnerhw,Yancey,Milner,ymilnerhw@moonfruit.com,Male,Skidoo
gdumphreyhx,Germaine,Dumphrey,gdumphreyhx@ucoz.com,Female,Aimbu
ekohrsenhy,Emalia,Kohrsen,ekohrsenhy@cbsnews.com,Female,Viva
bkruschovhz,Berkie,Kruschov,bkruschovhz@feedburner.com,Male,Skyba
vcressari0,Vinson,Cressar,vcressari0@elegantthemes.com,Male,Youtags
splani1,Shem,Plan,splani1@mozilla.org,Male,Babbleblab
sgiovanizioi2,Sherwynd,Giovanizio,sgiovanizioi2@prnewswire.com,Male,Kamba
etroctori3,Etti,Troctor,etroctori3@senate.gov,Female,Camido
jmarlingi4,Jerrilee,Marling,jmarlingi4@shareasale.com,Female,Camido
rsommerfeldi5,Roch,Sommerfeld,rsommerfeldi5@about.me,Female,Gabspot
tpadfieldi6,Tessie,Padfield,tpadfieldi6@reference.com,Female,Topicware
cmcgooni7,Clayton,McGoon,cmcgooni7@mtv.com,Male,Skyvu
tizkovitzi8,Tirrell,Izkovitz,tizkovitzi8@live.com,Male,Thoughtmix
jeastcotti9,Jessie,Eastcott,jeastcotti9@flavors.me,Male,Fivebridge
atuckieia,Arlin,Tuckie,atuckieia@360.cn,Male,Zooveo
myurkinib,Melesa,Yurkin,myurkinib@nationalgeographic.com,Female,Wordware
kswadlingeic,Klara,Swadlinge,kswadlingeic@nps.gov,Female,Linkbuzz
mdebiasiid,Maurene,De Biasi,mdebiasiid@bravesites.com,Female,Avamba
skaysie,Shawnee,Kays,skaysie@sun.com,Female,Edgeclub
jrawsthorneif,Jodie,Rawsthorne,jrawsthorneif@example.com,Male,Lajo
jgergeig,Jeramie,Gerge,jgergeig@sogou.com,Male,Realbridge
agarforthih,Allina,Garforth,agarforthih@hhs.gov,Female,Eamia
kdownseii,Kirsti,Downse,kdownseii@domainmarket.com,Female,Skynoodle
swithullij,Stevana,Withull,swithullij@free.fr,Female,Eare
lnickollik,Lorinda,Nickoll,lnickollik@timesonline.co.uk,Female,Tazz
abottomoreil,Alfred,Bottomore,abottomoreil@biglobe.ne.jp,Male,Zoonder
dbickertonim,Debera,Bickerton,dbickertonim@mysql.com,Female,Eayo
rwaggittin,Reg,Waggitt,rwaggittin@mozilla.com,Male,Wikibox
everneyio,Emelia,Verney,everneyio@webnode.com,Female,Jatri
svettoreip,Scottie,Vettore,svettoreip@wordpress.com,Male,Fanoodle
dparelliq,Dionysus,Parell,dparelliq@soup.io,Male,Meedoo
dquinceir,Darla,Quince,dquinceir@vimeo.com,Female,Jabbersphere
rvalerois,Rowan,Valero,rvalerois@psu.edu,Male,Aibox
rcostelloit,Roze,Costello,rcostelloit@sciencedirect.com,Female,Eamia
sduddleiu,Staford,Duddle,sduddleiu@nih.gov,Male,Realbridge
mmolleriv,Melodie,Moller,mmolleriv@netvibes.com,Female,Youtags
fmeatyardiw,Frayda,Meatyard,fmeatyardiw@mashable.com,Female,Gabcube
wlulhamix,Woodrow,Lulham,wlulhamix@people.com.cn,Male,Voonder
ashearstoneiy,Aggie,Shearstone,ashearstoneiy@phpbb.com,Female,Zooxo
vhueliniz,Vladamir,Huelin,vhueliniz@furl.net,Male,Rhybox
ahacklyj0,Anna,Hackly,ahacklyj0@miitbeian.gov.cn,Female,Ooba
amackaigj1,Augy,MacKaig,amackaigj1@qq.com,Male,Devpulse
fismeadj2,Fonsie,Ismead,fismeadj2@ftc.gov,Male,Yata
dmccriskenj3,Dorrie,McCrisken,dmccriskenj3@about.com,Female,Npath
tkirleyj4,Tiertza,Kirley,tkirleyj4@biblegateway.com,Female,DabZ
akillichj5,Alfie,Killich,akillichj5@t-online.de,Female,Yodo
ssheeresj6,Shae,Sheeres,ssheeresj6@army.mil,Male,Demimbu
dhumberstonj7,Dell,Humberston,dhumberstonj7@shinystat.com,Female,Zoonder
aioannouj8,Auberta,Ioannou,aioannouj8@gmpg.org,Female,Rhycero
fdroganj9,Freeland,Drogan,fdroganj9@nps.gov,Male,BlogXS
rbewsyja,Randolph,Bewsy,rbewsyja@whitehouse.gov,Male,Mybuzz
jfrankesjb,Judas,Frankes,jfrankesjb@gmpg.org,Male,Katz
nwardejc,Niels,Warde,nwardejc@livejournal.com,Male,Dynabox
khulmejd,Klement,Hulme,khulmejd@examiner.com,Male,Eire
jtattertonje,Johanna,Tatterton,jtattertonje@examiner.com,Female,Centizu
lmosleyjf,Lamond,Mosley,lmosleyjf@opensource.org,Male,BlogXS
cdegoyjg,Cirstoforo,Degoy,cdegoyjg@spiegel.de,Male,Kwideo
agasonjh,Addison,Gason,agasonjh@github.com,Male,Oozz
hcamisji,Hurlee,Camis,hcamisji@si.edu,Male,Bubblemix
mbestejj,Muffin,Beste,mbestejj@house.gov,Female,Kanoodle
rbrandtjk,Roxana,Brandt,rbrandtjk@scientificamerican.com,Female,Tekfly
zcheesejl,Zane,Cheese,zcheesejl@hc360.com,Male,Lazzy
cthurbonjm,Clem,Thurbon,cthurbonjm@cam.ac.uk,Male,Rhybox
lstronghilljn,Lotta,Stronghill,lstronghilljn@shop-pro.jp,Female,Zoombeat
eferrieriojo,Eleen,Ferrierio,eferrieriojo@vkontakte.ru,Female,Buzzshare
ceddinsjp,Curt,Eddins,ceddinsjp@arstechnica.com,Male,Jabbertype
mharbererjq,Misty,Harberer,mharbererjq@lycos.com,Female,Photobug
veudalljr,Viviyan,Eudall,veudalljr@feedburner.com,Female,Muxo
mmerckjs,Marci,Merck,mmerckjs@smugmug.com,Female,Skiba
mivanenkovjt,Morey,Ivanenkov,mivanenkovjt@technorati.com,Male,Babbleblab
mferreiraju,Maurizia,Ferreira,mferreiraju@cnn.com,Female,Jabberbean
bsterlingjv,Barn,Sterling,bsterlingjv@cisco.com,Male,Tagcat
mpaeckmeyerjw,Marylynne,Paeckmeyer,mpaeckmeyerjw@meetup.com,Female,Yodoo
egeorgejx,Emmeline,George,egeorgejx@howstuffworks.com,Female,Meeveo
ktootaljy,Kimberli,Tootal,ktootaljy@booking.com,Female,Quatz
dduffanjz,Dorita,Duffan,dduffanjz@wordpress.org,Female,InnoZ
bgrishukovk0,Balduin,Grishukov,bgrishukovk0@bandcamp.com,Male,Trunyx
elacyk1,Eloise,Lacy,elacyk1@sun.com,Female,Tekfly
mglandk2,Maxie,Gland,mglandk2@vistaprint.com,Male,Buzzster
ashilstonek3,Annaliese,Shilstone,ashilstonek3@usgs.gov,Female,Feedspan
cboakek4,Catarina,Boake,cboakek4@gnu.org,Female,Devpoint
avolantek5,Ax,Volante,avolantek5@sakura.ne.jp,Male,Meembee
rhaszardk6,Regen,Haszard,rhaszardk6@arstechnica.com,Male,Mynte
hwhatsonk7,Hunt,Whatson,hwhatsonk7@google.com,Male,Rhynoodle
mmozzinik8,Mayne,Mozzini,mmozzinik8@reuters.com,Male,Flipstorm
wbridgek9,Wiley,Bridge,wbridgek9@wordpress.org,Male,Chatterpoint
awynrahameka,Angus,Wynrahame,awynrahameka@opensource.org,Male,Layo
wrucklessekb,Wallace,Rucklesse,wrucklessekb@washington.edu,Male,Twitterworks
cfewkc,Cristie,Few,cfewkc@free.fr,Female,Brainbox
soduggankd,Sanders,O'Duggan,soduggankd@adobe.com,Male,Meevee
aramsbottomke,Ara,Ramsbottom,aramsbottomke@cdc.gov,Male,Realblab
tmoxleykf,Tamar,Moxley,tmoxleykf@myspace.com,Female,Kwimbee
ablaguekg,Anthe,Blague,ablaguekg@hao123.com,Female,Flashspan
hruusakh,Holmes,Ruusa,hruusakh@sina.com.cn,Male,Wikizz
egrimsdaleki,Eda,Grimsdale,egrimsdaleki@mtv.com,Female,Thoughtworks
aparlorkj,Antoine,Parlor,aparlorkj@reddit.com,Male,Babbleopia
lethingtonkk,Lane,Ethington,lethingtonkk@webeden.co.uk,Male,Jayo
ehowskl,Eva,Hows,ehowskl@ask.com,Female,Gabtype
ageaneykm,Allen,Geaney,ageaneykm@barnesandnoble.com,Male,Shuffledrive
hfundellkn,Haskell,Fundell,hfundellkn@google.co.jp,Male,Zoonoodle
cbausmannko,Cori,Bausmann,cbausmannko@dell.com,Male,BlogXS
kmerriganskp,Kevyn,Merrigans,kmerriganskp@wisc.edu,Female,Bubbletube
fgalliekq,Far,Gallie,fgalliekq@issuu.com,Male,Eayo
cgodboldkr,Cliff,Godbold,cgodboldkr@japanpost.jp,Male,Vipe
msnedkerks,Mateo,Snedker,msnedkerks@spotify.com,Male,Roodel
fcameronkt,Felice,Cameron,fcameronkt@prweb.com,Male,Zoomzone
ameakerku,Aime,Meaker,ameakerku@chicagotribune.com,Female,Meevee
eburvillkv,Essa,Burvill,eburvillkv@photobucket.com,Female,Skilith
fbrissendenkw,Feodora,Brissenden,fbrissendenkw@auda.org.au,Female,Centimia
adoogankx,Alisha,Doogan,adoogankx@sbwire.com,Female,Quimba
mfishleeky,Mandel,Fishlee,mfishleeky@google.es,Male,Livefish
lgroomebridgekz,Lyndel,Groomebridge,lgroomebridgekz@furl.net,Female,Thoughtstorm
gmajuryl0,Gordy,Majury,gmajuryl0@weather.com,Male,Realfire
ggilsonl1,Guglielma,Gilson,ggilsonl1@cdc.gov,Female,Lazz
agiuriol2,Allyce,Giurio,agiuriol2@prweb.com,Female,Tagchat
amcgenisl3,Anallise,McGenis,amcgenisl3@zimbio.com,Female,Dabjam
ciddonsl4,Chandal,Iddons,ciddonsl4@themeforest.net,Female,Linklinks
rbealingl5,Rosaleen,Bealing,rbealingl5@wordpress.org,Female,Mydo
ohuftonl6,Oralia,Hufton,ohuftonl6@alibaba.com,Female,Vinder
ogertyl7,Olva,Gerty,ogertyl7@dailymail.co.uk,Female,Feedfire
psoppitl8,Putnam,Soppit,psoppitl8@economist.com,Male,Kanoodle
mretallackl9,Mikaela,Retallack,mretallackl9@whitehouse.gov,Female,Flashspan
ewarlawela,Egon,Warlawe,ewarlawela@ucsd.edu,Male,Flashpoint
bgalgeylb,Bertram,Galgey,bgalgeylb@samsung.com,Male,Dabfeed
csherrinlc,Clare,Sherrin,csherrinlc@google.co.uk,Female,Livepath
ocoultonld,Oralle,Coulton,ocoultonld@ehow.com,Female,Npath
tdevaenle,Tallou,de Vaen,tdevaenle@over-blog.com,Female,Centimia
anicholaslf,Adela,Nicholas,anicholaslf@samsung.com,Female,Centimia
mbleddonlg,Maryanne,Bleddon,mbleddonlg@webs.com,Female,Realpoint
bsimonnotlh,Bibbie,Simonnot,bsimonnotlh@elegantthemes.com,Female,Yata
mboadbyli,Myrna,Boadby,mboadbyli@imgur.com,Female,Yadel
rofallonelj,Ricoriki,O'Fallone,rofallonelj@sitemeter.com,Male,Edgetag
ebockelk,Editha,Bocke,ebockelk@sina.com.cn,Female,Ooba
acaullierell,Anne-marie,Caulliere,acaullierell@usda.gov,Female,Oba
knormanvelllm,Kale,Normanvell,knormanvelllm@prweb.com,Male,Izio
rdcostaln,Roth,D'Costa,rdcostaln@msn.com,Male,Skalith
fstintonlo,Frankie,Stinton,fstintonlo@php.net,Male,Katz
gdureklp,Gerri,Durek,gdureklp@soup.io,Male,Yata
ccoltanlq,Cleopatra,Coltan,ccoltanlq@wufoo.com,Female,Wikizz
awylemanlr,Agathe,Wyleman,awylemanlr@theglobeandmail.com,Female,Wordtune
jaleksankinls,Jeffy,Aleksankin,jaleksankinls@google.ru,Male,Yombu
etomkowiczlt,Ephrem,Tomkowicz,etomkowiczlt@utexas.edu,Male,Brainbox
jtourrylu,Joyous,Tourry,jtourrylu@mail.ru,Female,Podcat
rulsterlv,Robbert,Ulster,rulsterlv@cnn.com,Male,Fivebridge
zcutteridgelw,Zoe,Cutteridge,zcutteridgelw@netlog.com,Female,Camimbo
otollidaylx,Oran,Tolliday,otollidaylx@nifty.com,Male,Tagfeed
tnewly,Tomas,New,tnewly@booking.com,Male,Youfeed
rthorouggoodlz,Robinette,Thorouggood,rthorouggoodlz@sourceforge.net,Female,Tazz
dhurrellm0,Demetre,Hurrell,dhurrellm0@omniture.com,Male,Photolist
hgeorgescum1,Helaine,Georgescu,hgeorgescum1@thetimes.co.uk,Female,Feedspan
tsauratm2,Tresa,Saurat,tsauratm2@histats.com,Female,Blognation
dbaksterm3,Dorothy,Bakster,dbaksterm3@kickstarter.com,Female,Bubblemix
jkleism4,Janel,Kleis,jkleism4@sourceforge.net,Female,Brainverse
ebarracloughm5,Electra,Barraclough,ebarracloughm5@kickstarter.com,Female,Quatz
ehinchshawm6,Ely,Hinchshaw,ehinchshawm6@discuz.net,Male,Fatz
asimonittom7,Audi,Simonitto,asimonittom7@geocities.com,Female,Blogtag
ltredgoldm8,Lyndsey,Tredgold,ltredgoldm8@craigslist.org,Female,Wikivu
ctollitm9,Courtnay,Tollit,ctollitm9@instagram.com,Male,Teklist
asallowsma,Auroora,Sallows,asallowsma@goo.gl,Female,Browsezoom
pbrumb,Peri,Bru,pbrumb@list-manage.com,Female,Flashdog
nhutfieldmc,Nate,Hutfield,nhutfieldmc@ft.com,Male,Edgepulse
bbreammd,Bonnibelle,Bream,bbreammd@gov.uk,Female,Dynava
dbyartme,Davy,Byart,dbyartme@ca.gov,Male,Linkbuzz
hreddanmf,Husein,Reddan,hreddanmf@goo.ne.jp,Male,Mudo
lruggieromg,Linn,Ruggiero,lruggieromg@usnews.com,Female,Flashpoint
kderechtermh,Keri,De Rechter,kderechtermh@addthis.com,Female,Feedspan
tvaskovmi,Tess,Vaskov,tvaskovmi@mozilla.com,Female,Gigabox
tbarzenmj,Tedd,Barzen,tbarzenmj@flickr.com,Male,Mybuzz
vharringtonmk,Verina,Harrington,vharringtonmk@issuu.com,Female,Browsecat
bcaplanml,Bartholomeus,Caplan,bcaplanml@yale.edu,Male,Avaveo
dthirtlemm,Dorian,Thirtle,dthirtlemm@wordpress.com,Male,Voonyx
vlindgrenmn,Valida,Lindgren,vlindgrenmn@answers.com,Female,Fadeo
cenionmo,Conny,Enion,cenionmo@time.com,Male,Gevee
bedelmanmp,Bayard,Edelman,bedelmanmp@g.co,Male,Kamba
rflindallmq,Rolland,Flindall,rflindallmq@networkadvertising.org,Male,Yoveo
nshaklemr,Neilla,Shakle,nshaklemr@ask.com,Female,Jaxworks
bwaddoupsms,Beck,Waddoups,bwaddoupsms@sourceforge.net,Male,Dynava
ajolliemt,Arleta,Jollie,ajolliemt@bravesites.com,Female,Jaxbean
lstovellmu,Lind,Stovell,lstovellmu@simplemachines.org,Male,Linklinks
twreathmv,Tremayne,Wreath,twreathmv@auda.org.au,Male,Rhycero
gboeckemw,Gail,Boecke,gboeckemw@usda.gov,Male,Thoughtstorm
taffusomx,Timotheus,Affuso,taffusomx@berkeley.edu,Male,Browsetype
rgerhardtmy,Rudd,Gerhardt,rgerhardtmy@desdev.cn,Male,Babblestorm
nlutasmz,Netty,Lutas,nlutasmz@domainmarket.com,Female,Youspan
sgebben0,Sawyere,Gebbe,sgebben0@google.it,Male,Eayo
lenrightn1,Lavena,Enright,lenrightn1@sogou.com,Female,Edgepulse
lokinneallyn2,Lorianna,O'Kinneally,lokinneallyn2@fastcompany.com,Female,Tagchat
kwrightemn3,Kasper,Wrightem,kwrightemn3@multiply.com,Male,Youspan
jwyldern4,Janek,Wylder,jwyldern4@usda.gov,Male,Edgepulse
ibeynen5,Iris,Beyne,ibeynen5@360.cn,Female,Eare
bmanassn6,Bryn,Manass,bmanassn6@google.pl,Female,Flashpoint
emcquorkelln7,Eyde,McQuorkell,emcquorkelln7@slashdot.org,Female,Oyonder
nescalen8,Noel,Escale,nescalen8@china.com.cn,Male,Snaptags
wdekeysern9,Wernher,Dekeyser,wdekeysern9@vistaprint.com,Male,Voolia
bzambonna,Benyamin,Zambon,bzambonna@histats.com,Male,Plambee
wjaggsnb,Wilhelmina,Jaggs,wjaggsnb@webeden.co.uk,Female,Tazzy
rszymanowicznc,Rourke,Szymanowicz,rszymanowicznc@state.gov,Male,Buzzster
mfrodsamnd,Meredith,Frodsam,mfrodsamnd@hexun.com,Male,Miboo
mcoleyshawne,Marget,Coleyshaw,mcoleyshawne@issuu.com,Female,Npath
edunfordnf,Elliot,Dunford,edunfordnf@google.ru,Male,Bubbletube
rsynderng,Rogers,Synder,rsynderng@smh.com.au,Male,Kwilith
cpaynenh,Colan,Payne,cpaynenh@canalblog.com,Male,Jamia
schalonerni,Staci,Chaloner,schalonerni@seattletimes.com,Female,Meevee
dpinckneynj,Davon,Pinckney,dpinckneynj@webeden.co.uk,Male,Skimia
hfiremannk,Hilary,Fireman,hfiremannk@discuz.net,Male,Gevee
grositanl,Gauthier,Rosita,grositanl@free.fr,Male,Meejo
nspoltonnm,Nobe,Spolton,nspoltonnm@drupal.org,Male,Aimbu
dgibbsnn,Drew,Gibbs,dgibbsnn@nytimes.com,Male,Camido
wbransdonno,Willy,Bransdon,wbransdonno@taobao.com,Male,Voolia
tadnamsnp,Tiffany,Adnams,tadnamsnp@goo.ne.jp,Female,Skippad
dwhitnellnq,Devin,Whitnell,dwhitnellnq@ibm.com,Female,Fatz
omuckleynr,Ossie,Muckley,omuckleynr@goo.gl,Male,Minyx
nyearbyns,Neel,Yearby,nyearbyns@smugmug.com,Male,Topiczoom
islowlynt,Itch,Slowly,islowlynt@theatlantic.com,Male,Tagtune
sdillestonenu,Sampson,Dillestone,sdillestonenu@bing.com,Male,Topicstorm
eklampknv,Ernestine,Klampk,eklampknv@google.ru,Female,Yakidoo
baldamnw,Bordy,Aldam,baldamnw@dion.ne.jp,Male,Talane
cgillfillannx,Chariot,Gillfillan,cgillfillannx@fema.gov,Male,Topicware
cwaltersny,Christoffer,Walters,cwaltersny@yolasite.com,Male,Roodel
halywinnz,Herculie,Alywin,halywinnz@cdbaby.com,Male,Roombo
jlustedo0,Jeromy,Lusted,jlustedo0@digg.com,Male,Meejo
tbrigdaleo1,Tildi,Brigdale,tbrigdaleo1@weather.com,Female,Kayveo
wmcdugalo2,Wenonah,McDugal,wmcdugalo2@freewebs.com,Female,Flipopia
mhuxtero3,Major,Huxter,mhuxtero3@ameblo.jp,Male,Ainyx
ccroshawo4,Cchaddie,Croshaw,ccroshawo4@cpanel.net,Male,Agivu
egeorgievo5,Eldon,Georgiev,egeorgievo5@squarespace.com,Male,Eidel
jbrianto6,Jorgan,Briant,jbrianto6@networkadvertising.org,Male,Feedfish
elorenzino7,Ermanno,Lorenzin,elorenzino7@etsy.com,Male,Dynabox
mgilloppo8,Marion,Gillopp,mgilloppo8@nytimes.com,Female,Voomm
tbettaneyo9,Tally,Bettaney,tbettaneyo9@imdb.com,Male,Innojam
acoxonoa,Aristotle,Coxon,acoxonoa@symantec.com,Male,Leenti
momullaneob,Millie,O' Mullane,momullaneob@businessweek.com,Female,Voonte
escandrettoc,Erminia,Scandrett,escandrettoc@wired.com,Female,Izio
vpopelayod,Valdemar,Popelay,vpopelayod@virginia.edu,Male,Eamia
upolkinhornoe,Urson,Polkinhorn,upolkinhornoe@shinystat.com,Male,Dazzlesphere
mfeltenof,Mariette,Felten,mfeltenof@marketwatch.com,Female,Janyx
ccaleog,Carrie,Cale,ccaleog@thetimes.co.uk,Female,InnoZ
tmewhirteroh,Trumann,Mewhirter,tmewhirteroh@bluehost.com,Male,Buzzdog
rpundoi,Rudiger,Pund,rpundoi@bigcartel.com,Male,Rhynoodle
okuhloj,Olva,Kuhl,okuhloj@eventbrite.com,Female,Twimbo
nservantok,Nannie,Servant,nservantok@bloglines.com,Female,Fiveclub
bmacduffol,Birgit,MacDuff,bmacduffol@ed.gov,Female,Layo
kplyom,Kerri,Ply,kplyom@springer.com,Female,Realcube
cshewanon,Candis,Shewan,cshewanon@paginegialle.it,Female,Meejo
eeggletonoo,Eba,Eggleton,eeggletonoo@blogs.com,Female,Jatri
ccawstonop,Cedric,Cawston,ccawstonop@yolasite.com,Male,Avamm
ihughesoq,Iseabal,Hughes,ihughesoq@springer.com,Female,Skajo
bsollittor,Brennen,Sollitt,bsollittor@redcross.org,Male,Tagchat
hstelleos,Hanny,Stelle,hstelleos@comcast.net,Female,Oyondu
asidaryot,Antonia,Sidary,asidaryot@squidoo.com,Female,Tambee
amoorrudou,Adolpho,Moorrud,amoorrudou@ask.com,Male,Thoughtblab
psimcoxov,Pavel,Simcox,psimcoxov@pbs.org,Male,Zoombeat
whevnerow,Woody,Hevner,whevnerow@va.gov,Male,Dynabox
akieldox,Andeee,Kield,akieldox@mapy.cz,Female,Agivu
teskrickoy,Templeton,Eskrick,teskrickoy@cloudflare.com,Male,Feedspan
kimmoz,Kristian,Imm,kimmoz@howstuffworks.com,Male,Kayveo
dpreslandp0,Derick,Presland,dpreslandp0@arizona.edu,Male,Thoughtbridge
mtivnanp1,Maria,Tivnan,mtivnanp1@sitemeter.com,Female,Meedoo
gibbesonp2,Gretna,Ibbeson,gibbesonp2@ibm.com,Female,Thoughtbeat
ospiersp3,Onofredo,Spiers,ospiersp3@ca.gov,Male,Avamm
jpeersp4,Justis,Peers,jpeersp4@moonfruit.com,Male,Photojam
tfrisep5,Tamiko,Frise,tfrisep5@simplemachines.org,Female,Leenti
qviccarsp6,Quinn,Viccars,qviccarsp6@symantec.com,Male,Rhycero
cstilwellp7,Corrina,Stilwell,cstilwellp7@dailymotion.com,Female,Skinte
hgailp8,Humphrey,Gail,hgailp8@ihg.com,Male,Voolia
abortonp9,Adriane,Borton,abortonp9@ucoz.ru,Female,Viva
nstoffelpa,Niel,Stoffel,nstoffelpa@newyorker.com,Male,Ooba
fdomanekpb,Frasier,Domanek,fdomanekpb@icq.com,Male,Skimia
eedgeonpc,Edouard,Edgeon,eedgeonpc@ox.ac.uk,Male,Yambee
ecogginpd,Elizabet,Coggin,ecogginpd@wufoo.com,Female,Linkbridge
moretpe,Misti,Oret,moretpe@comcast.net,Female,Edgetag
ptaverinerpf,Preston,Taveriner,ptaverinerpf@shareasale.com,Male,Tavu
alingepg,Austen,Linge,alingepg@tiny.cc,Male,Browsecat
ychillistoneph,Yankee,Chillistone,ychillistoneph@netvibes.com,Male,Vipe
kpiesoldpi,Kevon,Piesold,kpiesoldpi@umich.edu,Male,Skynoodle
smulcasterpj,Saundra,Mulcaster,smulcasterpj@unesco.org,Male,Yabox
nkewpk,Nara,Kew,nkewpk@epa.gov,Female,Skynoodle
dstollenpl,Dennison,Stollen,dstollenpl@phoca.cz,Male,Feedspan
awetheredpm,Andonis,Wethered,awetheredpm@utexas.edu,Male,Thoughtmix
mmanzpn,Molli,Manz,mmanzpn@indiegogo.com,Female,Twimm
troscowpo,Trisha,Roscow,troscowpo@wikispaces.com,Female,Brightdog
kgatelypp,Kathy,Gately,kgatelypp@nature.com,Female,Yakidoo
jinnerstonepq,Jamaal,Innerstone,jinnerstonepq@timesonline.co.uk,Male,Fivebridge
aarnopr,Avie,Arno,aarnopr@miibeian.gov.cn,Female,Yodoo
cbaumfordps,Chrystel,Baumford,cbaumfordps@github.io,Female,Kwideo
rupstellpt,Roberta,Upstell,rupstellpt@tinypic.com,Female,Gigaclub
jleathepu,Joannes,Leathe,jleathepu@github.io,Female,Jabberbean
liorizzopv,Lorry,Iorizzo,liorizzopv@skyrock.com,Female,Riffpath
bguilaempw,Becki,Guilaem,bguilaempw@mapquest.com,Female,Livefish
cmartinipx,Crosby,Martini,cmartinipx@thetimes.co.uk,Male,Browsedrive
aburnhampy,Ardelle,Burnham,aburnhampy@businesswire.com,Female,Zazio
gfredsonpz,Gardner,Fredson,gfredsonpz@biblegateway.com,Male,Blogspan
dpeerq0,Desi,Peer,dpeerq0@is.gd,Male,Skinder
chamlenq1,Caritta,Hamlen,chamlenq1@dion.ne.jp,Female,Zooveo
aparlattq2,Angelico,Parlatt,aparlattq2@yahoo.com,Male,Avamm
enowaczykq3,Ernest,Nowaczyk,enowaczykq3@wix.com,Male,Eayo
rreddochq4,Robin,Reddoch,rreddochq4@umich.edu,Female,Eadel
wdamperq5,Willis,Damper,wdamperq5@wisc.edu,Male,Rhycero
tfeathersbyq6,Tomlin,Feathersby,tfeathersbyq6@cbc.ca,Male,Podcat
sadlamq7,Sean,Adlam,sadlamq7@prlog.org,Female,Mita
rboheyq8,Roddy,Bohey,rboheyq8@shareasale.com,Male,Einti
nlorrymanq9,Noella,Lorryman,nlorrymanq9@constantcontact.com,Female,Bubbletube
flloydsqa,Flemming,Lloyds,flloydsqa@google.de,Male,Katz
nhowelsqb,Noelyn,Howels,nhowelsqb@mozilla.com,Female,Snaptags
fwashbrookqc,Feliks,Washbrook,fwashbrookqc@shinystat.com,Male,Tagpad
chukinsqd,Corrie,Hukins,chukinsqd@geocities.jp,Female,Oyondu
dsimmondsqe,Doralin,Simmonds,dsimmondsqe@php.net,Female,Babbleopia
btylorqf,Brice,Tylor,btylorqf@cnet.com,Male,Rhyzio
bcambleqg,Booth,Camble,bcambleqg@joomla.org,Male,Devpulse
jplayfairqh,Joelie,Playfair,jplayfairqh@about.com,Female,Skilith
ppotesqi,Phip,Potes,ppotesqi@bizjournals.com,Male,Pixonyx
proydenqj,Paddy,Royden,proydenqj@multiply.com,Male,Topiczoom
dclacsonqk,Danya,Clacson,dclacsonqk@usa.gov,Male,Vinder
emacallamql,Ev,Macallam,emacallamql@vimeo.com,Male,Cogidoo
lstarkeyqm,Linnea,Starkey,lstarkeyqm@yandex.ru,Female,Skaboo
hflisherqn,Hobard,Flisher,hflisherqn@elpais.com,Male,Aibox
mcolumqo,Moina,Colum,mcolumqo@nifty.com,Female,Skalith
zolivasqp,Zilvia,Olivas,zolivasqp@berkeley.edu,Female,Kwimbee
vsleightholmqq,Vivien,Sleightholm,vsleightholmqq@oracle.com,Female,Innotype
kmahoodqr,Kelcy,Mahood,kmahoodqr@redcross.org,Female,Thoughtbeat
tentissleqs,Trixie,Entissle,tentissleqs@a8.net,Female,Dynabox
nhodgonqt,Ned,Hodgon,nhodgonqt@tuttocitta.it,Male,Yodel
bpharoqu,Buiron,Pharo,bpharoqu@apple.com,Male,Voonder
kcorkishqv,Kandace,Corkish,kcorkishqv@va.gov,Female,Linkbuzz
dsiddonsqw,Dino,Siddons,dsiddonsqw@cmu.edu,Male,Innotype
hknightonqx,Hymie,Knighton,hknightonqx@surveymonkey.com,Male,Jaloo
mmoniniqy,Muffin,Monini,mmoniniqy@irs.gov,Female,Wikibox
mbosquetqz,Millisent,Bosquet,mbosquetqz@harvard.edu,Female,Feednation
cantliffr0,Ches,Antliff,cantliffr0@mapquest.com,Male,Minyx
vfennyr1,Vail,Fenny,vfennyr1@ca.gov,Male,Demivee
dgorthyr2,Davita,Gorthy,dgorthyr2@photobucket.com,Female,Jatri
lsagrottr3,Louisa,Sagrott,lsagrottr3@nasa.gov,Female,Jabbercube
ptewr4,Pablo,Tew,ptewr4@tripod.com,Male,Dabvine
ftuftr5,Flore,Tuft,ftuftr5@nhs.uk,Female,Bluejam
ecoursr6,Emmit,Cours,ecoursr6@geocities.com,Male,Eamia
fcramerr7,Fidelio,Cramer,fcramerr7@godaddy.com,Male,Viva
dbispr8,Dov,Bisp,dbispr8@virginia.edu,Male,Yakitri
dkendrickr9,Denys,Kendrick,dkendrickr9@sogou.com,Male,Dablist
cworboyra,Cristian,Worboy,cworboyra@mapy.cz,Male,Skippad
ageorgerb,Angeli,George,ageorgerb@purevolume.com,Male,Demizz
gesparzarc,Gerta,Esparza,gesparzarc@sun.com,Female,Eadel
vgullyrd,Vivia,Gully,vgullyrd@fda.gov,Female,Katz
bbridgere,Bevin,Bridge,bbridgere@histats.com,Male,Kare
dvolkerrf,Dela,Volker,dvolkerrf@oakley.com,Female,Skiba
ofridlingtonrg,Ofilia,Fridlington,ofridlingtonrg@google.cn,Female,Wordpedia
laveyardrh,Lauralee,Aveyard,laveyardrh@cisco.com,Female,Kazio
fpeterffyri,Federica,Peterffy,fpeterffyri@boston.com,Female,Jaloo
jjozefowiczrj,Junina,Jozefowicz,jjozefowiczrj@state.tx.us,Female,Skiptube
pgovesrk,Pip,Goves,pgovesrk@angelfire.com,Male,Voonte
bpenningrl,Benjy,Penning,bpenningrl@mapy.cz,Male,Lajo
mhouriganrm,Morgana,Hourigan,mhouriganrm@posterous.com,Female,Thoughtstorm
fciepluchrn,Fayette,Ciepluch,fciepluchrn@yahoo.com,Female,Miboo
lkellogro,Leeland,Kellog,lkellogro@prweb.com,Male,Blogtag
jlaunchburyrp,Jae,Launchbury,jlaunchburyrp@sakura.ne.jp,Male,InnoZ
ystoterrq,Yard,Stoter,ystoterrq@java.com,Male,Brainlounge
jschruurrr,Joshuah,Schruur,jschruurrr@nasa.gov,Male,Camimbo
